Score,Pass,Organisation,Repo Name,Finos Lifecycle State (from the README badge),License (from GitHub Api),"Issue Activity (for most recent 50 issues, count most recent 30 comments in last 6 months)","Commit Activity (count of commits in last 6 months, maxed at 100)",OpenSSF Status (from the README badge),Github Archived (has the Archive tag in GitHub API),"Branch Rules/Private (number of approvers or 0 if no approvers, -1 no branch rules",SemGrep (checks .github/workflows/semgrep.yml file exists),CVE Scanning (checks .github/workflows/cve-scanning.yml file exists),Default Branch Name,Excess Admins,Main Issue Participants (list of all participants for issues loaded in Issue Activity column),Main Committers  (list of all participants for commits loaded in Commit Activity column),Length of Readme,Project Name,Type,Stage
1000,FAIL (OpenSSF Status) (No CVE Scan) (No Sem Grep),finos,legend-juju-studio-operator,INCUBATING,Apache-2.0,0,0,NONE,false,0,false,false,main,,,,2476,Legend,Project,Incubating
1000,FAIL (Finos Lifecycle) (wrong admins) (OpenSSF Status) (No CVE Scan) (No Sem Grep),finos,morphir-dotnet,NONE,Apache-2.0,0,0,NONE,false,0,false,false,main,@DamianReeves,,,7236,Morphir,Project,Active
1000,FAIL (OpenSSF Status) (No Sem Grep),finos,fdc3-dotnet,INCUBATING,Apache-2.0,3,51,NONE,false,1,false,true,main,,@bingenito @BalassaMarton,@bingenito @dependabot[bot] @ztanczos,5125,FDC3,Project,Active
1000,FAIL (OpenSSF Status) (No CVE Scan) (No Sem Grep),finos,legend-juju-db-operator,INCUBATING,Apache-2.0,0,0,NONE,false,0,false,false,main,,,,1808,Legend,Project,Incubating
1000,FAIL (Finos Lifecycle) (OpenSSF Status) (Branch Reviewers) (No CVE Scan),finos,terraform-aws-cfi-redshift,NONE,Apache-2.0,0,0,NONE,false,-1,true,false,main,,,,277,Compliant Financial Infrastructure,Project,Incubating
1000,FAIL (OpenSSF Status) (No CVE Scan) (No Sem Grep),finos,legend-sdlc,INCUBATING,Apache-2.0,0,100,NONE,false,1,false,false,master,,,@finos-admin @rafaelbey @MauricioUyaguari @kevin-m-knight-gs @Yasirmod17 @abhishoya-gs @YannanGao-gs @akphi @siaka-Akash @ivan-kyosev-gs @mrudula-gs @gs-rpant1729 @pierredebelen @jake-kim1 @gs-ssh16,4521,Legend,Project,Incubating
1000,FAIL (OpenSSF Status) (No CVE Scan) (No Sem Grep),finos,legend-engine,INCUBATING,Apache-2.0,2,100,NONE,false,1,false,false,master,,@finos-admin,@finos-admin @kevin-m-knight-gs @rafaelbey @Yasirmod17 @kumuwu @siaka-Akash @gs-ssh16 @jake-kim1 @aziemchawdhary-gs @tanujgirdhar @prasar-ashutosh @epsstan @abhishoya-gs @YannanGao-gs @akphi @pierredebelen @gs-kotang @MauricioUyaguari @PrateekGarg-gs @mrudula-gs @keenkeystrokes @gs-manvig @gs-gunjan @prabodhtr @rengam32 @yash0024 @gs-rpant1729 @robcossin,3332,Legend,Project,Incubating
1000,FAIL (OpenSSF Status) (No CVE Scan) (No Sem Grep),finos,legend-juju-bundle,INCUBATING,Apache-2.0,0,1,NONE,false,0,false,false,main,,,@claudiubelu,5515,Legend,Project,Incubating
1000,,finos,FDC3-Sail,INCUBATING,Apache-2.0,0,0,OK,false,0,true,true,main,,,,6315,FDC3 Sail,Project,Incubating
1000,FAIL (Finos Lifecycle) (OpenSSF Status) (Branch Reviewers) (No CVE Scan) (No Sem Grep),finos,terraform-aws-cfi-eks,NONE,Apache-2.0,0,0,NONE,false,-1,false,false,main,,,,13410,Compliant Financial Infrastructure,Project,Incubating
1000,FAIL (Finos Lifecycle) (wrong admins) (No CVE Scan) (No Sem Grep),finos,morphir,NONE,Apache-2.0,60,100,OK,false,1,false,false,main,@DamianReeves,@karlmoll @edwardpeters @DamianReeves @AttilaMihaly @michelchan @nwokafor-choongsaeng @stephengoldbaum @alexsieland @RichardWagener365 @sahilravinder @sidmocodes @edmondop @marron-at-work @frankchoongsaeng @kmudrick @bensanchin,@DamianReeves @stephengoldbaum @AttilaMihaly @bekand @dependabot[bot] @bensanchin @maoo @kmudrick @nwokafor-choongsaeng @sahilravinder @michelchan @alexsieland @ronaldssebalamu,8280,Morphir,Project,Active
1000,FAIL (OpenSSF Status) (No CVE Scan) (No Sem Grep),finos,ansible-cfi-ocp,INCUBATING,Apache-2.0,0,0,NONE,false,1,false,false,main,,,,2391,Compliant Financial Infrastructure,Project,Incubating
1000,FAIL (Finos Lifecycle) (OpenSSF Status) (Branch Reviewers) (No CVE Scan),finos,terraform-aws-cfi-dynamodb,NONE,Apache-2.0,0,0,NONE,false,-1,true,false,main,,,,267,Compliant Financial Infrastructure,Project,Incubating
1000,FAIL (Finos Lifecycle) (wrong admins) (OpenSSF Status) (No Sem Grep),finos,legend-engine-ide-client-vscode,NONE,Apache-2.0,1,62,NONE,false,1,false,true,main,@rafaelbey,@rafaelbey,@rafaelbey @gayathrir11 @finos-admin @sameersaini @siaka-Akash @jake-kim1,1786,,Project,Active
1000,FAIL (Finos Lifecycle),finos,FDC3,NONE,NOASSERTION,172,100,OK,false,1,true,true,main,,@kriswest @robmoffat @openfin-johans @hughtroeger @mistryvinay @Roaders @Lecss @novavi @julianna-ciq @maoo @bingenito @pvoznyuk @Vivek-NatWest @paulgoldsmith @john-ciq @Yannick-Malins @mthomcfa @kziemski @fapulito @cwatson88 @nkolba @rikoe @hellosmithy @iansloyan @timjenkel @headsphere @Perelmuter @salmenus @jasonmdorsey @mcleo-d @milindchidrawar @gilesstevenson @yeahjim1 @lspiro-Tick42 @chordmemory @kemerava @TheJuanAndOnly99,@kriswest @robmoffat @dependabot[bot] @bingenito @kemerava @julianna-ciq,13652,FDC3,Project,Active
1000,FAIL (OpenSSF Status) (No CVE Scan) (No Sem Grep),finos,legend-studio,INCUBATING,Apache-2.0,0,100,NONE,false,1,false,false,master,,,@github-actions[bot] @YannanGao-gs @MauricioUyaguari @akphi @travisstebbins @dependabot[bot] @sameersaini @gayathrir11 @pragyasri-gs,4294,Legend,Project,Incubating
1000,FAIL (OpenSSF Status) (Branch Reviewers) (No CVE Scan),finos,terraform-aws-cfi-sqs,INCUBATING,Apache-2.0,0,0,NONE,false,-1,true,false,main,,,,2738,Compliant Financial Infrastructure,Project,Incubating
1000,FAIL (OpenSSF Status) (No CVE Scan) (No Sem Grep),finos,legend-depot,INCUBATING,Apache-2.0,0,74,NONE,false,1,false,false,master,,,@finos-admin @elopezcastro @Yasirmod17 @kevin-m-knight-gs @gs-gunjan @rafaelbey @abhishoya-gs @siaka-Akash @gs-ssh16 @YannanGao-gs @MauricioUyaguari,4236,Legend,Project,Incubating
1000,FAIL (OpenSSF Status) (No CVE Scan) (No Sem Grep),finos,morphir-scala,INCUBATING,Apache-2.0,2,80,NONE,false,0,false,false,main,,@DamianReeves @joanna-lee-0,@scala-steward @dependabot[bot] @edwardpeters @DamianReeves @michelchan @sahilravinder @justin-corn @bensanchin @alexsieland @Bouzomgi @Paul-Folbrecht,7982,Morphir,Project,Active
1000,FAIL (OpenSSF Status) (No CVE Scan),finos,cfi-terraform-template-child-module,INCUBATING,Apache-2.0,0,0,NONE,false,1,true,false,main,,,,3498,Compliant Financial Infrastructure,Project,Incubating
1000,FAIL (wrong admins) (OpenSSF Status) (No Sem Grep),finos,legend-engine-ide-lsp,INCUBATING,Apache-2.0,0,100,NONE,false,1,false,true,main,@rafaelbey,,@rafaelbey @finos-admin @jake-kim1 @gayathrir11 @siaka-Akash @renuccif @kevin-m-knight-gs @yash0024,1103,,Project,Active
1000,FAIL (OpenSSF Status) (No Sem Grep),finos,pylegend,INCUBATING,Apache-2.0,0,4,NONE,false,0,false,true,main,,,@gs-ssh16 @renovate[bot],3227,Legend,Project,Incubating
1000,FAIL (OpenSSF Status) (No CVE Scan) (No Sem Grep),finos,legend-shared,INCUBATING,Apache-2.0,0,21,NONE,false,1,false,false,master,,,@finos-admin @Yasirmod17 @kevin-m-knight-gs @ivan-kyosev-gs,1806,Legend,Project,Incubating
1000,FAIL (Finos Lifecycle) (OpenSSF Status) (Branch Reviewers) (No CVE Scan) (No Sem Grep),finos,morphir-elm,NONE,Apache-2.0,13,80,NONE,false,-1,false,false,main,,@edwardpeters @DamianReeves @AttilaMihaly @bekand @carljmosca @stephengoldbaum,@sfc-gh-lfallasavendano @sfc-gh-aramirezfuentes @AttilaMihaly @bekand @DamianReeves @dependabot[bot] @kmudrick @michelchan @stephengoldbaum @nwokafor-choongsaeng,10104,Morphir,Project,Active
1000,FAIL (Finos Lifecycle) (wrong admins) (OpenSSF Status) (No CVE Scan) (No Sem Grep),finos,morphir-jvm,NONE,Apache-2.0,1,8,NONE,false,0,false,false,main,@DamianReeves,@DamianReeves,@dependabot[bot] @DamianReeves @cnieves81,1941,Morphir,Project,Active
1000,FAIL (Finos Lifecycle) (OpenSSF Status) (Branch Reviewers) (No CVE Scan),finos,terraform-aws-cfi-lambda,NONE,Apache-2.0,0,0,NONE,false,-1,true,false,main,,,,267,Compliant Financial Infrastructure,Project,Incubating
1000,FAIL (OpenSSF Status) (No CVE Scan) (No Sem Grep),finos,legend-juju-engine-server-operator,INCUBATING,Apache-2.0,0,0,NONE,false,0,false,false,main,,,,2072,Legend,Project,Incubating
1000,FAIL (Finos Lifecycle) (OpenSSF Status) (No Sem Grep),finos,morphir-service,NONE,Apache-2.0,0,0,NONE,false,0,false,true,main,,,,1943,Morphir,Project,Active
1000,FAIL (OpenSSF Status) (No CVE Scan) (No Sem Grep),finos,legend-juju-sdlc-server-operator,INCUBATING,Apache-2.0,0,0,NONE,false,0,false,false,main,,,,2052,Legend,Project,Incubating
1000,,finos,FDC3-conformance-framework,INCUBATING,Apache-2.0,0,0,OK,false,1,true,true,main,,,,5869,FDC3 Conformance Framework,Project,Incubating
1000,FAIL (OpenSSF Status) (Branch Reviewers) (No CVE Scan),finos,terraform-google-cfi-gke,INCUBATING,Apache-2.0,0,0,NONE,false,-1,true,false,main,,,,8709,Compliant Financial Infrastructure,Project,Incubating
1000,FAIL (Finos Lifecycle) (OpenSSF Status) (Branch Reviewers) (No CVE Scan),finos,terraform-azurerm-cfi-aks,NONE,Apache-2.0,0,0,NONE,false,-1,true,false,main,,,,279,Compliant Financial Infrastructure,Project,Incubating
1000,FAIL (OpenSSF Status) (No CVE Scan) (No Sem Grep),finos,legend-juju-gitlab-integrator,INCUBATING,Apache-2.0,0,0,NONE,false,0,false,false,main,,,,5058,Legend,Project,Incubating
1000,FAIL (OpenSSF Status) (No CVE Scan) (No Sem Grep),finos,legend,INCUBATING,Apache-2.0,18,36,NONE,false,1,false,false,master,,@finos-admin @reyes-michael,@finos-admin @haroonsherjan @MauricioUyaguari @YannanGao-gs @gs-ssh16 @maoo @agitana,8794,Legend,Project,Incubating
1000,FAIL (wrong admins) (OpenSSF Status) (No CVE Scan) (No Sem Grep),finos,cfi-ansible-aws-rds,INCUBATING,Apache-2.0,0,0,NONE,false,1,false,false,main,@AdrianHammond,,,5066,Compliant Financial Infrastructure,Project,Incubating
1000,FAIL (Finos Lifecycle) (OpenSSF Status) (No CVE Scan) (No Sem Grep),finos,legend-integration-juju,NONE,Apache-2.0,0,2,NONE,false,1,false,false,main,,,@claudiubelu @maoo,7314,Legend,Project,Incubating
1000,FAIL (OpenSSF Status) (No CVE Scan) (No Sem Grep),finos,legend-pure,INCUBATING,Apache-2.0,0,100,NONE,false,1,false,false,master,,,@kevin-m-knight-gs @finos-admin @pierredebelen @aziemchawdhary-gs @akphi @gs-ssh16 @abhishoya-gs @mrudula-gs,1462,Legend,Project,Incubating
1000,FAIL (OpenSSF Status) (No CVE Scan) (No Sem Grep),finos,legend-integration-morphir,INCUBATING,Apache-2.0,0,0,NONE,false,0,false,false,main,,,,4001,Legend,Project,Incubating
1000,FAIL (OpenSSF Status) (Branch Reviewers) (No CVE Scan),finos,terraform-azurerm-cfi-postgresql,INCUBATING,Apache-2.0,0,0,NONE,false,-1,true,false,main,,,,7661,Compliant Financial Infrastructure,Project,Incubating
1000,FAIL (OpenSSF Status) (Branch Reviewers) (No CVE Scan) (No Sem Grep),finos,legend-juju-libs,INCUBATING,Apache-2.0,0,0,NONE,false,-1,false,false,master,,,,690,Legend,Project,Incubating
1000,FAIL (Finos Lifecycle) (OpenSSF Status) (No CVE Scan) (No Sem Grep),finos,morphir-examples,NONE,Apache-2.0,0,0,NONE,false,0,false,false,main,,,,830,Morphir,Project,Active
1000,FAIL (OpenSSF Status) (Branch Reviewers) (No CVE Scan) (No Sem Grep),finos,legend-community-delta,INCUBATING,Apache-2.0,0,0,NONE,false,-1,false,false,main,,,,2531,Legend,Project,Incubating
319,FAIL (OpenSSF Status) (No CVE Scan) (No Sem Grep),finos,common-cloud-controls,INCUBATING,NOASSERTION,231,88,NONE,false,1,false,false,main,,@github-actions @eddie-knight @robmoffat @crawfordchanel @mlysaght2017 @smendis-scottlogic @iMichaela @damienjburks @eziogas-scottlogic @ojeb2 @sshiells-scottlogic @AdrianHammond @jared-lambert @rgriffiths-scottlogic @zeal-somani @jisted-scottlogic @karlmoll @Alexstpierrework @abdullahsaf @nas-hub @dogle-scottlogic @fossil-creek @rowan-baker @abikhuil @psmulovics @maoo @IMladjenovic @rachkim00 @markrushing @TheFoxAtWork @caradelia @emili910 @simonzhangbmo @TheJuanAndOnly99 @cfisher-scottlogic @davidstonegoogle,@eddie-knight @smendis-scottlogic @robmoffat @jisted-scottlogic @sshiells-scottlogic @AdrianHammond @iMichaela @mlysaght2017 @rgriffiths-scottlogic @damienjburks @cfisher-scottlogic @fossil-creek @vicenteherrera @maoo @IMladjenovic @zeal-somani @jared-lambert @hennersz @dogle-scottlogic,7861,Common Cloud Controls,Project,Incubating
259,FAIL (OpenSSF Status) (No CVE Scan) (No Sem Grep),finos,a11y-theme-builder,INCUBATING,Apache-2.0,164,95,NONE,false,2,false,false,main,,@aaronreed708 @PaulaPaul @kburk1997 @Sweetdevil144 @codyzu @omesh-omg @evangk6 @AradhyaDixit18 @lwnoble @ShadabImran07 @kris-reed @Chessel @ravjot07 @AlexThornton24 @rahat2134,@aaronreed708 @omesh-omg @PaulaPaul @ravjot07 @Sweetdevil144 @vishavsingla @maoo @Lovelyfin00 @evangk6,3788,Accessibility Theme Builder,Project,Incubating
258,FAIL (OpenSSF Status) (No CVE Scan) (No Sem Grep),finos,git-proxy,INCUBATING,Apache-2.0,158,100,NONE,false,0,false,false,main,,@JamieSlome @maoo @coopernetes @msagi @tt-gideonaryeetey @LewisBroadhurst @divinetettey @eddie-knight @marksmith388 @tarnveerSingh @abinash2512 @DanielVenable @bill-n @matthyx @rgmz @chrischu,@JamieSlome @renovate[bot] @divinetettey @bill-n @DanielVenable,6408,Git Proxy,Project,Incubating
253,FAIL (OpenSSF Status) (No Sem Grep),finos,common-domain-model,INCUBATING,NOASSERTION,153,100,NONE,false,1,false,true,master,,@JBZ-Fragmos @Oblongs @mgratacos @chrisisla @dschwartznyc @tomhealey-icma @lolabeis @llynhiavu @manel-martos @dshoneisda @eelramy @brianlynn2 @eacunaISDA @jonathan-jpmc @SimonCockx @sf-lseg @Josephrp @GerryDenham @rogerguitart @nicholas-moger @valdensmith @mikealambert @gtarres @bohuang19 @HajnalOB @adamulman @d-sen-gupta @mahoneg1br @murphnOSTTRA @FrancoisLetrot @manucarreramoreno @eteridvalishvili @CrisSearle @MalwinaAzemi @acrangle-murex @ftadvisory @LathaamWilson @ADaleISLA @minesh-s-patel @dharm-kapadia @ryanasalt @KHVermeg8686 @fldemarche @AmyCaruso @DIVA291265,@eteridvalishvili @PayalKhanna @hugohills-regnosys @chrisisla @ja6a-regnosys @regnosys-prod-user @JayasriR @minesh-s-patel @mgratacos @SimonCockx @dshoneisda @davidalk @rogerguitart @brianlynn2 @dschwartznyc,18243,Common Domain Model,Project,Incubating
229,FAIL (OpenSSF Status) (No CVE Scan) (No Sem Grep),finos,architecture-as-code,INCUBATING,Apache-2.0,129,100,NONE,false,1,false,false,main,,@rocketstack-matt @aidanm3341 @willosborne @Budlee @jpgough-ms @dc-ms @lionking421 @fleureedwards @lbulanti-ms @ojeb2 @yt-ms @matthewgardner @arhy @mgasca @karlmoll @SlavaVedernikov @grahampacker-ms @aric-rosenbaum @sgm-ms @rvema @eddie-knight @amitpNom @adamdoran @daddario85 @AttilaMihaly @djohnston89 @eminty69 @paul-russell-lseg @sinclairwilson @lpaul1 @aldwins-ln @suggitpe @johnny-qiang-chen-lseg @aldwins-ms,@aidanm3341 @renovate[bot] @rocketstack-matt @willosborne @matthewgardner @TheJuanAndOnly99 @Budlee @dependabot[bot],8522,DevOps Automation,SIG,Active
223,FAIL (Finos Lifecycle) (OpenSSF Status) (No CVE Scan) (No Sem Grep),finos,open-source-readiness,NONE,Apache-2.0,123,100,NONE,false,1,false,false,main,,@robmoffat @psmulovics @BrittanyIstenes @mimiflynn @pholleran @katnovakovic @HelloKay27 @caradelia @coopernetes @JamieSlome @mcleo-d @jessicapeng @AmolMeshram19 @Neetuj @kmdchew @tsteenbe @pcheong-lbg @rvema @winmorgan @andybs @ana-gamito @bingenito @eminty69 @geekygirldawn @jmeridth @chamindra @shanecoughlan,@robmoffat @psmulovics @mimiflynn @dependabot[bot] @pholleran @BrittanyIstenes @anteos,1729,Open source readiness,SIG,Active
164,FAIL (Finos Lifecycle) (wrong admins) (OpenSSF Status) (No CVE Scan) (No Sem Grep),finos,perspective,NONE,Apache-2.0,68,96,NONE,false,1,false,false,master,"@texodus, @timkpaine",@texodus @timkpaine @mhkeller @exrhizo @markhalonen @jordanskole @maoo @dhirschfeld @abalabin-bamfunds @0xg0nz0 @pitrou @ruimarques-lseg @RajaPoseidon @brianblakely @limx0 @sjpfenninger @hegdeadithyak @mike-luabase @msmolkin1 @jonathanng,@texodus @tomjakubowski @ada-x64 @timkpaine @timbess @sinistersnare @brianblakely,6874,Perspective,Project,Active
156,FAIL (Finos Lifecycle) (OpenSSF Status),finos,calendar,NONE,Apache-2.0,56,100,NONE,false,0,true,true,main,,@gautamjuyal @maoo @mimiflynn @robmoffat @TheJuanAndOnly99 @winmorgan @psmulovics @Amool-kk @niamhoparker @ronaldssebalamu,@renovate[bot] @mimiflynn @TheJuanAndOnly99 @gautamjuyal @finos-admin @maoo @semgrep-bot,2126,,Project,Active
151,FAIL (OpenSSF Status) (No CVE Scan) (No Sem Grep),finos,traderX,INCUBATING,Apache-2.0,99,52,NONE,false,0,false,false,main,,@maoo @DovOps @rocketstack-matt @karlmoll @leandroyabut @ctiltman @tomhealey-icma @psmulovics @janfernandosmoothstack @heswell @TheJuanAndOnly99 @PR-SS @fhubi @mimiflynn,@DovOps @TheJuanAndOnly99 @maoo @renovate[bot] @rocketstack-matt @ztanczos,9654,TraderX,Project,Incubating
139,FAIL (OpenSSF Status) (No CVE Scan) (No Sem Grep),finos,waltz,ACTIVE,Apache-2.0,39,100,NONE,false,0,false,false,master,,@davidwatkins73 @mcleo-d @judepayne @kamransaleem @mrudangit @maoo @JWoodland-Scott,@JWoodland-Scott @db-waltz @davidwatkins73 @TheJuanAndOnly99,5186,Waltz,Project,Active
137,FAIL (Finos Lifecycle) (OpenSSF Status) (No CVE Scan) (No Sem Grep),finos,devops-automation,NONE,Apache-2.0,135,2,NONE,false,1,false,false,main,,@karlmoll @ashukla13 @rocketstack-matt @rvema @cnygardtw @mcleo-d @floresjma @psmulovics @mimiflynn @johnmark @christophe-f @kborchers @robmoffat @bingenito @sinclairwilson @Budlee @mjorgen @ericchapman80 @meghdeepnatwest @akinbjoseph @pratikthanki @sbtaylor15 @kirederik @davidwcasper @yt-ms @admleggett @alexashley @ColinEberhardt @aaronsearle @TracyRagan @techno-wizardry @avikalpg @matthewgardner @studees @jorok @aldwins-ln @jpgough-ms @jamesthurgood34 @aidanm3341 @peterrhysthomas @msagi @subbu-raj @alvin-c-shih @arhy @willosborne @mgasca @ojeb2 @amasare,@rocketstack-matt,3043,DevOps Automation,SIG,Active
136,FAIL (Finos Lifecycle) (OpenSSF Status) (Branch Reviewers) (No License Set) (No CVE Scan) (No Sem Grep),finos,technical-oversight-committee,NONE,,119,17,NONE,false,-1,false,false,main,,@maoo @psmulovics @brunodom @ColinEberhardt @stephengoldbaum @DamianReeves @caradelia @rikoe @eminty69 @opoupeney @caldeirav @eddie-knight @PaulaPaul @jonfreedman @chris-twiner @rocketstack-matt @epsstan @JamieSlome @mindthegab @tenatzen @TheJuanAndOnly99,@maoo @ColinEberhardt @psmulovics @TheJuanAndOnly99,3472,,Project,Active
122,FAIL (Finos Lifecycle) (OpenSSF Status) (Branch Reviewers) (No CVE Scan) (No Sem Grep),finos,DEI-SIG,NONE,Apache-2.0,117,5,NONE,false,-1,false,false,main,,@PaulaPaul @Perelmuter @KaajalAminSharma @psmulovics @mcleo-d @eteridvalishvili @sergiobettencourt @mimiflynn @ritachaturvedi @beekemarie @whykay @aishaani-turntabl @celanthe @TadhgWilson @JinanMartiuk @rhyddian @tenatzen @lwnoble,@psmulovics @PaulaPaul,1101,Diversity Equity & Inclusion Special Interest Group,SIG,Active
121,FAIL (OpenSSF Status),finos,vuu,INCUBATING,Apache-2.0,25,96,NONE,false,0,true,true,main,,@naleeha @wendymiaoo @heswell @junaidzm13 @keikeicheung @chrisjstevo @rohinp14,@heswell @junaidzm13 @keikeicheung @rohinp14 @chuchee @wendymiaoo @naleeha,5389,VUU,Project,Incubating
115,FAIL (wrong admins) (OpenSSF Status) (No Sem Grep),finos,rune-dsl,INCUBATING,Apache-2.0,55,60,NONE,false,1,false,true,main,@minesh-s-patel,@SimonCockx @lolabeis @brianlynn2 @Oblongs @dschwartznyc @hugohills-regnosys @TheJuanAndOnly99 @maoo @cdietrich,@SimonCockx @PayalKhanna @minesh-s-patel @hugohills-regnosys @renovate[bot] @davidalk,11466,Rune,Project,Incubating
100,FAIL (OpenSSF Status) (No Sem Grep),finos,rune-common,INCUBATING,Apache-2.0,0,100,NONE,false,1,false,true,main,,,@PayalKhanna @SimonCockx @hugohills-regnosys @ja6a-regnosys @Chuks-Ajeh @minesh-s-patel @najihah-amran @davidalk @JayasriR,3275,Rune,Project,Incubating
100,FAIL (OpenSSF Status) (No Sem Grep),finos,rune-testing,INCUBATING,Apache-2.0,0,100,NONE,false,1,false,true,main,,,@hugohills-regnosys @JayasriR @Chuks-Ajeh @PayalKhanna @SimonCockx @ja6a-regnosys @minesh-s-patel @davidalk,3355,Rune,Project,Incubating
98,FAIL (Finos Lifecycle) (OpenSSF Status) (No License Set) (No CVE Scan) (No Sem Grep),finos,community,NONE,,79,19,NONE,false,0,false,false,main,,@maoo @mcleo-d @TheJuanAndOnly99 @ColinEberhardt @timkpaine @mindthegab @leefaus @vicenteherrera @miglaros @mimiflynn @pholleran @brunodom @SimonCockx @Neetuj @psmulovics @lolabeis @salmenus @rhyddian @eddie-knight @nickveenhof @cronky @eminty69 @ajgnacht @BrittanyIstenes @kriswest @cm-howard @awaiken @TheFoxAtWork @ferguskeenan @kirillsc @MikeWilsonZngly @caradelia @jstclair2019 @tenatzen @satyampsoni @ashukla13 @opatrascoiu @rocketstack-matt @pcheong-lbg,@TheJuanAndOnly99 @maoo @mindthegab,3680,,Project,Active
92,FAIL (Finos Lifecycle) (OpenSSF Status) (No CVE Scan) (No Sem Grep),finos,zenith,NONE,Apache-2.0,58,34,NONE,false,1,false,false,main,,@padraignix @alagergren @psmulovics @tenatzen @awaiken @alvin-c-shih @xevg @vbandi @daiyaharsh90 @carlyrichmond @RAI-INFO @DamianReeves @Benjamin-Senso @brooklynrob @dubgeis @PaulaPaul @sammoorhouse @aovando26 @mimiflynn @chaitali-ladikkar @sergmetelin @justin-atwell @brunodom,@padraignix @psmulovics @dependabot[bot] @tenatzen @carlyrichmond,8051,Zenith,SIG,Active
83,FAIL (No CVE Scan),finos,SymphonyElectron,ACTIVE,Apache-2.0,0,83,OK,false,1,true,false,main,,,@KiranNiranjan @sbenmoussati @NguyenTranHoangSym @swasunb @baphony @axeleriksson147,2937,Symphony Electron,Project,Active
64,FAIL (Finos Lifecycle) (OpenSSF Status) (Branch Reviewers) (No CVE Scan) (No Sem Grep),finos,ai-readiness,NONE,Apache-2.0,52,12,NONE,false,-1,false,false,main,,@tenatzen @ColinEberhardt @alvin-c-shih @brooklynrob @aateeque @mimiflynn @DuaneOBrien @rsiddharthan @Felicia-Bridgeway @AmolMeshram19 @Neetuj @Perelmuter @jasonfb69 @Alex-Nalin @yt-ms @psmulovics @rvema @cosmin-oprea @winmorgan @Provectus24 @adavies42 @robmoffat @rachnasriv @duggantRC @djohnston89 @stephengoldbaum @btallman @guspaul @LoriLorusso @dariomolinari @ronaldssebalamu @gravax @ajaym @leop-tcto @alagergren @davidalk @jkotze @andrey-tapekha-db @iamsingularity @caradelia @eelramy @YangletLiu @karlmoll @chubakakid @pierreneu,@ColinEberhardt @finos-admin @vicenteherrera @maoo @TheJuanAndOnly99,7960,AI Readiness,SIG,Active
58,FAIL (Finos Lifecycle) (OpenSSF Status) (No CVE Scan) (No Sem Grep),finos,kdb,NONE,Apache-2.0,56,2,NONE,false,1,false,false,main,,@rianoc-kx @alvin-c-shih @adavies42 @rdffy @karlmoll @gyorokpeter @drgdavies @claire-sloan @jshinonome @honus85 @ctwomeykx @priyanka7255,@adavies42,1422,kdb+,Project,Incubating
54,FAIL (Finos Lifecycle) (OpenSSF Status) (Branch Reviewers) (No CVE Scan) (No Sem Grep),finos,open-regtech-sig,NONE,Apache-2.0,52,2,NONE,false,-1,false,false,master,,@jgavronsky @eteridvalishvili @martinudy @desipops @sarahsinclair @ffionwiggins @Perelmuter @lolabeis @anelledavis @mr-z-ro @blanchab @iansloyan @DGHakkodan @dshoneisda @Josephrp @sfc-gh-lfallasavendano @sndpkumar14 @lucaborella89 @RobReeveLexTego @PJDiGi @stephengoldbaum @zeal-somani @apetroni @tabi5h @sfc-gh-mrojas @toshaellison @karlmoll @d-sen-gupta @kannan2024 @noelmcloughlin @BillMeenaghan,@TheJuanAndOnly99,4671,Regulation Innovation Special Interest Group,SIG,Active
51,FAIL (Finos Lifecycle) (wrong admins) (OpenSSF Status) (No CVE Scan) (No Sem Grep),finos,jupyterlab_templates,NONE,Apache-2.0,4,47,NONE,false,1,false,false,main,@timkpaine,@timkpaine @psychemedia @TheJuanAndOnly99,@timkpaine @dependabot[bot] @maoo @TheJuanAndOnly99 @forest-d,3824,JupyterLab Templates,Project,Active
36,FAIL (Finos Lifecycle) (OpenSSF Status) (Branch Reviewers) (No License Set) (No CVE Scan) (No Sem Grep),finos,branding,NONE,,1,35,NONE,false,-1,false,false,master,,@TheJuanAndOnly99,@TheJuanAndOnly99 @maoo,2359,,Project,Active
34,FAIL (Finos Lifecycle) (OpenSSF Status) (Branch Reviewers) (No CVE Scan) (No Sem Grep),finos,InnerSource,NONE,Apache-2.0,34,0,NONE,false,-1,false,false,master,,@chamindra @robmoffat @psmulovics @BrittanyIstenes @katnovakovic @jaz4th @kmdchew @Trueblueaddie,,5865,InnerSource Special Interest Group,SIG,Active
31,FAIL (Finos Lifecycle),finos,spring-bot,NONE,Apache-2.0,8,23,OK,false,1,true,true,spring-bot-master,,@robmoffat @vaibhav-db,@vaibhav-db @robmoffat @pranav-biyani-db,8380,Spring Bot,Project,Active
28,FAIL (Finos Lifecycle) (Branch Reviewers) (No CVE Scan) (No Sem Grep),finos,finos-landscape,NONE,Apache-2.0,9,19,OK,false,-1,false,false,master,,@maoo @GitMensch @AndreyKozlov1984,@TheJuanAndOnly99 @maoo @finos-admin @AndreyKozlov1984,11621,,Project,Active
27,FAIL (OpenSSF Status) (No CVE Scan) (No Sem Grep),finos,cdm-object-builder,INCUBATING,Apache-2.0,1,26,NONE,false,0,false,false,main,,@minesh-s-patel,@minesh-s-patel @renovate[bot] @dependabot[bot] @davidalk,4085,,Project,Active
27,FAIL (OpenSSF Status) (No Sem Grep),finos,SymphonyMediaBridge,INCUBATING,Apache-2.0,6,21,NONE,false,0,false,true,master,,@topilski @RicardoMDomingues,@RicardoMDomingues @reddvl1980 @danielgronberg @marcusspangenberg,5491,Symphony Media Bridge,Project,Incubating
23,FAIL (OpenSSF Status) (No CVE Scan) (No Sem Grep),finos,software-project-blueprint,INCUBATING,Apache-2.0,0,23,NONE,false,0,false,false,main,,,@renovate[bot] @TheJuanAndOnly99 @maoo,2597,,Project,Active
20,FAIL (OpenSSF Status) (No CVE Scan),finos,symphony-bdk-java,INCUBATING,Apache-2.0,5,15,NONE,false,1,true,false,main,,@yinan-symphony @hkw1831,@yinan-symphony @vladokrsymphony @Yannick-Malins @antoinerollindev,5330,Symphony BDK Java,Project,Incubating
20,FAIL (No CVE Scan) (No Sem Grep),finos,compliant-financial-infrastructure,INCUBATING,Apache-2.0,15,5,OK,false,1,false,false,main,,@AdrianHammond @eddie-knight @karlmoll @alexashley @grudra7714 @olearycrew @ericchapman80 @abdullahgarcia,@eddie-knight @AdrianHammond @TheJuanAndOnly99,8048,Compliant Financial Infrastructure,Project,Incubating
16,FAIL (OpenSSF Status) (No CVE Scan) (No Sem Grep),finos,tracdap,INCUBATING,Apache-2.0,1,15,NONE,false,0,false,false,main,,@martin-traverse,@martin-traverse @dependabot[bot],7631,TRAC d.a.p.,Project,Incubating
15,FAIL (wrong admins) (OpenSSF Status) (Branch Reviewers) (No CVE Scan) (No Sem Grep),finos,TimeBase-CE,INCUBATING,Apache-2.0,0,15,NONE,false,-1,false,false,main-6.1,@alex-karpovich,,@alex-karpovich @Romkisel,9520,TimeBase CE,Project,Incubating
7,FAIL (OpenSSF Status) (No CVE Scan) (No Sem Grep),finos,open-reg-tech-us-lcr,INCUBATING,Apache-2.0,0,7,NONE,false,0,false,false,main,,,@stephengoldbaum,3387,Open Reg Tech US LCR,Project,Incubating
7,FAIL (wrong admins) (OpenSSF Status) (No CVE Scan) (No Sem Grep),finos,ipyregulartable,INCUBATING,Apache-2.0,0,7,NONE,false,1,false,false,main,"@texodus, @neilslinger, @timkpaine",,@timkpaine @dependabot[bot],4978,,Project,Active
6,FAIL (OpenSSF Status) (No CVE Scan) (No Sem Grep),finos,code-scanning,INCUBATING,Apache-2.0,0,6,NONE,false,0,false,false,main,,,@maoo @josspo @TheJuanAndOnly99,27583,,Project,Active
5,FAIL (Finos Lifecycle) (OpenSSF Status) (Branch Reviewers) (No CVE Scan) (No Sem Grep),finos,ambassadors,NONE,NOASSERTION,0,5,NONE,false,-1,false,false,main,,,@TheJuanAndOnly99 @finos-admin,1158,,Project,Active
4,FAIL (Finos Lifecycle) (wrong admins) (No CVE Scan),finos,regular-table,NONE,Apache-2.0,1,3,OK,false,0,true,false,master,@texodus,@domehead100,@texodus,19471,Regular Table,Project,Active
4,FAIL (OpenSSF Status) (No CVE Scan) (No Sem Grep),finos,waltz-integration-juju,INCUBATING,Apache-2.0,0,4,NONE,false,1,false,false,main,,,@claudiubelu @maoo,4348,,Project,Active
4,FAIL (No CVE Scan),finos,symphony-api-spec,ACTIVE,Apache-2.0,0,4,OK,false,1,true,false,master,,,@jspasquali @mohamed-rojbeni @pierreneu,3290,REST API Specification,Project,Active
4,,finos,messageml-utils,ACTIVE,Apache-2.0,0,4,OK,false,1,true,true,main,,,@mohamed-rojbeni @FabienVSymphony,6353,MessageML Utilities,Project,Active
3,FAIL (OpenSSF Status) (No CVE Scan),finos,symphony-wdk,INCUBATING,Apache-2.0,1,2,NONE,false,1,true,false,master,,@yinan-symphony,@yinan-symphony @Yannick-Malins,3999,Symphony WDK,Project,Incubating
1,FAIL (Finos Lifecycle) (OpenSSF Status) (Branch Reviewers) (No CVE Scan) (No Sem Grep),finos,standards-project-blueprint,NONE,NOASSERTION,0,1,NONE,false,-1,false,false,main,,,@mindthegab,1391,,Project,Active
1,FAIL (OpenSSF Status) (No CVE Scan),finos,symphony-bdk-python,INCUBATING,Apache-2.0,0,1,NONE,false,1,true,false,main,,,@anthony-symphony,4670,Symphony BDK Python,Project,Incubating
1,FAIL (OpenSSF Status) (No CVE Scan) (No Sem Grep),finos,waltz-juju-bundle,INCUBATING,Apache-2.0,0,1,NONE,false,0,false,false,main,,,@claudiubelu,6263,,Project,Active
0,,finos,fdc3-hack-fest-2024,INCUBATING,Apache-2.0,0,1,NONE,false,PRIVATE,false,false,main,,,@finos-admin,2597,,Project,Active
0,,finos,fdx-pmc,NONE,,0,0,NONE,true,-1,false,false,master,,,,41,,Project,Active
0,,finos,morphir-rust,INCUBATING,Apache-2.0,0,0,NONE,false,PRIVATE,false,false,main,,,,2353,,Project,Active
0,,finos,legend-engine-datapush,NONE,Apache-2.0,0,0,NONE,false,PRIVATE,false,false,main,"@pierredebelen, @ivan-kyosev-gs",,,30,,Project,Active
0,,finos,backplane,INCUBATING,Apache-2.0,0,0,OK,false,1,false,false,main,,,,7061,Backplane - FDC3 Desktop Agent Bridging,Project,Incubating
0,,finos,clabot-config,NONE,,0,5,NONE,true,PRIVATE,false,false,master,,,@finos-admin @maoo,94,,Project,Active
0,,finos,reports-job,NONE,Apache-2.0,0,0,NONE,true,-1,false,false,master,,,,1935,,Project,Active
0,,finos,morphir-go,INCUBATING,Apache-2.0,0,0,NONE,false,PRIVATE,false,false,main,,,,2498,,Project,Active
0,,finos,reference-foss-policy,NONE,CC-BY-4.0,0,0,NONE,true,-1,false,false,master,,,,3015,,Project,Active
0,,finos,JCurl,ACTIVE,Apache-2.0,0,0,OK,false,0,true,true,master,,,,11751,JCurl,Project,Active
0,,finos,fdc3-desktop-agent,NONE,Apache-2.0,0,0,NONE,true,-1,false,false,master,,,,7711,,Project,Active
0,,finos,metadata-tool,NONE,Apache-2.0,0,1,NONE,true,0,false,false,dev,,,@finos-admin,7118,,Project,Active
0,,finos,datahub,NONE,Apache-2.0,0,0,NONE,true,1,false,false,master,,,,3519,,Project,Active
0,,finos,ssf-enforcer-rules,NONE,Apache-2.0,0,0,NONE,true,-1,false,false,master,@maoo,,,3513,,Project,Active
0,,finos,exodus,INCUBATING,Apache-2.0,0,0,NONE,true,-1,false,false,master,,,,6350,,Project,Active
0,,finos,openmama.github.io,NONE,,0,0,NONE,false,-1,false,false,master,,,,661,OpenMAMA,Project,Active
0,,finos,datahelix,NONE,Apache-2.0,0,0,NONE,true,1,false,false,master,,,,5825,,Project,Active
0,,finos,greenkey-asrtoolkit,NONE,Apache-2.0,0,0,NONE,true,0,false,false,master,,,,8319,,Project,Active
0,,finos,OpenMAMA-testdata,NONE,,0,0,NONE,false,-1,false,false,master,,,,241,OpenMAMA,Project,Active
0,,finos,legend-engine-iceberg,INCUBATING,Apache-2.0,0,0,NONE,false,PRIVATE,false,false,main,"@pierredebelen, @ivan-kyosev-gs",,,689,,Project,Active
0,,finos,certificate-toolbox,NONE,Apache-2.0,0,0,NONE,true,-1,false,false,master,@maoo,,,6583,,Project,Active
0,,finos,finos-member-success,NONE,,0,1,NONE,false,PRIVATE,false,false,master,"@maoo, @robmoffat, @grizzwolf, @mindthegab, @TheJuanAndOnly99, @alstratigos",,@wendallkaters,43,,Project,Active
0,,finos,curref-data,INCUBATING,,0,0,NONE,false,-1,false,false,master,,,,8653,Currency Reference Data,Project,Incubating
0,,finos,contrib-toolbox,NONE,Apache-2.0,0,0,NONE,false,-1,false,false,main,,,,2771,,Project,Active
0,,finos,legend-config,NONE,,0,0,NONE,false,PRIVATE,false,false,master,,,,65,,Project,Active
0,,finos,glue,NONE,Apache-2.0,0,0,NONE,true,-1,false,false,master,,,,3595,,Project,Active
0,,finos,finos-marketing,NONE,,0,0,NONE,true,PRIVATE,false,false,master,"@grizzwolf, @winmorgan, @DannyJPC, @niamhoparker",,,454,,Project,Active
0,,finos,legend-persistence,INCUBATING,Apache-2.0,0,0,NONE,false,PRIVATE,false,false,master,,,,2499,,Project,Active
0,,finos,finos-parent-pom,INCUBATING,Apache-2.0,0,0,NONE,false,0,false,false,main,,,,14783,,Project,Active
0,,finos,finos-deg,INCUBATING,,0,0,NONE,true,-1,false,false,master,,,,2311,,Project,Active
0,,finos,electron-spellchecker,NONE,NOASSERTION,0,0,NONE,true,-1,false,false,master,,,,4414,,Project,Active
0,,finos,SwiftSearch,NONE,Apache-2.0,0,0,NONE,false,2,false,false,master,,,,1693,Symphony Electron,Project,Active
0,,finos,tooling,NO_README,,0,0,NO_README,false,PRIVATE,false,false,master,,,,0,,Project,Active
0,,finos,legend-integration-helm,NONE,Apache-2.0,0,0,NONE,true,-1,false,false,main,,,,3296,Legend,Project,Incubating
0,,finos,voice-metadata-standard,NONE,Apache-2.0,0,0,NONE,true,1,false,false,master,,,,2738,,Project,Active
0,,finos,wiki.finos.org,NONE,,0,0,NONE,true,-1,false,false,master,,,,69,,Project,Active
0,,finos,CatchIT,NONE,Apache-2.0,0,0,NONE,true,-1,false,false,main,,,,3402,,Project,Active
0,,finos,OpenMAMA,ACTIVE,LGPL-2.1,0,0,OK,false,0,true,false,next,,,,4679,OpenMAMA,Project,Active
0,,finos,cla-bot,NONE,Apache-2.0,3,3,NONE,true,-1,false,false,develop,,@maoo @TheJuanAndOnly99,@finos-admin,2185,,Project,Active
0,,finos,openfin-react-hooks,NONE,Apache-2.0,0,0,NONE,true,1,false,false,master,,,,8275,,Project,Active
0,,finos,bot-github-chatops,NONE,Apache-2.0,0,0,NONE,true,0,false,false,master,@maoo,,,4210,,Project,Active
0,,finos,structured-products,NONE,Apache-2.0,0,3,NONE,true,-1,false,false,main,,,@finos-admin,6296,,Project,Active
0,,finos,symphony-wdk-gallery,INCUBATING,Apache-2.0,0,0,NONE,false,0,false,false,main,,,,2133,Symphony WDK,Project,Incubating
0,,finos,metadata,NONE,,11,42,NONE,false,PRIVATE,false,false,main,,@maoo @TheJuanAndOnly99 @grizzwolf,@TheJuanAndOnly99 @maoo @finos-admin,3220,,Project,Active
0,,finos,finos.github.io,NONE,Apache-2.0,0,0,NONE,true,-1,false,false,master,@maoo,,,2969,,Project,Active
0,,finos,financial-objects,NONE,Apache-2.0,0,0,NONE,false,-1,false,false,master,,,,13743,Financial Objects,SIG,Active
0,,finos,asciidoctor-stylesheet-factory,NONE,NOASSERTION,0,0,NONE,true,-1,false,false,master,@copiesofcopies,,,4162,,Project,Active
0,,finos,ScreenSnippet,NONE,Apache-2.0,0,0,NONE,true,-1,false,false,master,,,,2295,Symphony Electron,Project,Active
0,,finos,legend-testing,NONE,Apache-2.0,0,0,NONE,false,PRIVATE,false,false,main,@epsstan,,,782,,Project,Active
0,,finos,SymphonyWindowsHwndHelper,INCUBATING,Apache-2.0,0,0,NONE,false,-1,true,false,main,,,,2235,Symphony Electron,Project,Active
0,,finos,qPython,NONE,Apache-2.0,0,0,NONE,false,1,false,true,main,,,,2461,kdb+,Project,Incubating
0,,finos,symphony-object,NONE,Apache-2.0,0,0,NONE,true,-1,false,false,master,,,,93,,Project,Active
0,,finos,plexus-interop-desktop-api,NONE,Apache-2.0,0,0,NONE,true,-1,false,false,master,,,,2634,,Project,Active
0,,finos,secure-electron-adapter,NONE,Apache-2.0,0,0,NONE,true,-1,false,false,master,,,,2878,,Project,Active
0,,finos,greenkey-intercom-sdk,NONE,Apache-2.0,0,0,NONE,true,-1,false,false,master,,,,4278,,Project,Active
0,,finos,generator-symphony,INCUBATING,Apache-2.0,0,0,NONE,false,1,false,false,master,,,,3611,Symphony Generator,Project,Incubating
0,,finos,secref-data,INCUBATING,Apache-2.0,0,0,NONE,false,-1,false,false,master,,,,5425,Security Reference Data,Project,Incubating
0,,finos,OSLC-handbook,NONE,NOASSERTION,0,0,NONE,false,-1,false,false,master,,,,2428,,Project,Active
0,,finos,morphir-editor,INCUBATING,Apache-2.0,0,0,NONE,false,PRIVATE,false,false,main,,,,2486,,Project,Active
0,,finos,finos-legend-collaboration,INCUBATING,Apache-2.0,0,0,NONE,false,PRIVATE,false,false,main,,,,2391,,Project,Active
0,,finos,open-compliance-cdmc,NONE,Apache-2.0,0,0,NONE,true,1,false,false,main,,,,2339,,Project,Active
0,,finos,plexus-interop,NONE,Apache-2.0,2,1,NONE,true,-1,false,false,master,,@mend-for-github-com,@finos-admin,11170,,Project,Active
0,,finos,ai-readiness-private,NONE,Apache-2.0,0,9,NONE,false,PRIVATE,false,false,main,,,@ColinEberhardt @alwell-kevin @TheJuanAndOnly99 @finos-admin,1603,,Project,Active
0,,finos,ScreenShareIndicatorFrame,INCUBATING,Apache-2.0,0,0,NONE,false,-1,false,false,master,,,,2152,Symphony Electron,Project,Active
0,,finos,a11y-theme-builder-sdk,INCUBATING,Apache-2.0,0,0,NONE,false,2,false,false,main,,,,2185,Accessibility Theme Builder,Project,Incubating
0,,finos,hubspot-sync,NONE,,0,0,NONE,false,PRIVATE,false,false,main,@maoo,,,2561,,Project,Active
0,,finos,ScreenSnippet2,INCUBATING,Apache-2.0,0,0,NONE,false,-1,false,false,master,,,,2398,Symphony Electron,Project,Active
0,,finos,air-accelerator,INCUBATING,Apache-2.0,0,1,NONE,true,-1,false,false,main,,,@finos-admin,2396,,Project,Active
0,,finos,kdb-studio,NONE,Apache-2.0,0,0,NONE,false,1,false,false,main,,,,2700,kdb+,Project,Incubating
0,,finos,sea-quick-start,INCUBATING,Apache-2.0,0,0,NONE,false,-1,false,false,master,,,,4277,,Project,Active
0,,finos,osr-checklists,NONE,NOASSERTION,0,0,NONE,true,-1,false,false,master,,,,2654,,Project,Active
0,,finos,legend-engine-lakehouse,INCUBATING,Apache-2.0,0,0,NONE,false,PRIVATE,false,false,main,"@pierredebelen, @ivan-kyosev-gs",,,691,,Project,Active
0,,finos,buyside-sellside-interop,INCUBATING,Apache-2.0,0,0,NONE,false,PRIVATE,false,false,main,@agitana,,,2499,,Project,Active
0,,finos,FDC3-Archive,NONE,,0,0,NONE,true,-1,false,false,master,,,,386,,Project,Active
0,,finos,greenkey-discovery-sdk,NONE,Apache-2.0,0,0,NONE,true,1,false,false,master,,,,6188,,Project,Active
0,,finos,cfi-ansible-template,INCUBATING,Apache-2.0,0,0,OK,false,PRIVATE,false,false,main,"@thinkl33t, @abdullahgarcia, @AdrianHammond, @eddie-knight, @peter-thomas-db",,,2026,,Project,Active
0,,finos,open-developer-platform,INCUBATING,Apache-2.0,0,1,NONE,true,-1,false,false,main,,,@maoo,2838,,Project,Active
0,,finos,openfin-python-adapter,NONE,Apache-2.0,0,0,NONE,true,-1,false,false,master,,,,866,,Project,Active
0,,finos,digital-rights-management,INCUBATING,Apache-2.0,0,0,NONE,true,-1,false,false,master,@islavin,,,871,,Project,Active
0,,finos,morphir-bosque,NONE,Apache-2.0,0,0,NONE,true,0,false,false,main,,,,1400,Morphir,Project,Active
Score,Pass,Organisation,Repo Name,Finos Lifecycle State (from the README badge),License (from GitHub Api),"Issue Activity (for most recent 50 issues, count most recent 30 comments in last 6 months)","Commit Activity (count of commits in last 6 months, maxed at 100)",OpenSSF Status (from the README badge),Github Archived (has the Archive tag in GitHub API),"Branch Rules/Private (number of approvers or 0 if no approvers, -1 no branch rules",SemGrep (checks .github/workflows/semgrep.yml file exists),CVE Scanning (checks .github/workflows/cve-scanning.yml file exists),Default Branch Name,Excess Admins,Main Issue Participants (list of all participants for issues loaded in Issue Activity column),Main Committers  (list of all participants for commits loaded in Commit Activity column),Length of Readme,Project Name,Type,Stage
1000,FAIL (Finos Lifecycle) (wrong admins) (OpenSSF Status) (No CVE Scan) (No Sem Grep),finos-labs,fdc3-identity-hackathon,NONE,Apache-2.0,0,0,NONE,false,0,false,false,master,"@maoo, @ystxn, @TheJuanAndOnly99, @yinan-symphony, @antoinerollindev, @symphony-jean-michael, @tzhao-symphony, @Yannick-Malins",,,2898,,Project,Active
1000,FAIL (Finos Lifecycle) (wrong admins) (OpenSSF Status) (Branch Reviewers) (No CVE Scan) (No Sem Grep),finos-labs,fdc3-for-the-web,NONE,Apache-2.0,1,100,NONE,false,-1,false,false,main,"@maoo, @TheJuanAndOnly99",@robmoffat,@robmoffat @julianna-ciq,6394,,Project,Active
1000,FAIL (wrong admins) (OpenSSF Status) (Branch Reviewers) (No CVE Scan) (No Sem Grep),finos-labs,fdc3-api-generator,INCUBATING,Apache-2.0,0,0,NONE,false,-1,false,false,main,"@maoo, @TheJuanAndOnly99",,,2597,,Project,Active
1000,FAIL (Finos Lifecycle) (wrong admins) (OpenSSF Status) (Branch Reviewers) (No CVE Scan) (No Sem Grep),finos-labs,morphir-fsharp,NONE,Apache-2.0,0,0,NONE,false,-1,false,false,main,"@maoo, @DamianReeves, @TheJuanAndOnly99",,,8546,,Project,Active
1000,FAIL (wrong admins) (OpenSSF Status) (Branch Reviewers) (No CVE Scan) (No Sem Grep),finos-labs,morphir-techsprint,INCUBATING,Apache-2.0,0,0,NONE,false,-1,false,false,main,"@maoo, @TheJuanAndOnly99",,,2396,,Project,Active
1000,FAIL (Finos Lifecycle) (wrong admins) (OpenSSF Status) (Branch Reviewers) (No CVE Scan) (No Sem Grep),finos-labs,morphir-wasm,NONE,Apache-2.0,0,0,NONE,false,-1,false,false,master,"@maoo, @DamianReeves, @TheJuanAndOnly99",,,2229,,Project,Active
1000,FAIL (Finos Lifecycle) (wrong admins) (OpenSSF Status) (Branch Reviewers) (No CVE Scan) (No Sem Grep),finos-labs,legend-bigquery-integration,NONE,Apache-2.0,0,0,NONE,false,-1,false,false,master,"@maoo, @TheJuanAndOnly99",,,2229,,Project,Active
1000,FAIL (wrong admins) (OpenSSF Status) (Branch Reviewers) (No CVE Scan) (No Sem Grep),finos-labs,CDM-ECS-FDC3,INCUBATING,Apache-2.0,0,0,NONE,false,-1,false,false,main,"@maoo, @TheJuanAndOnly99",,,2597,,Project,Active
1000,FAIL (Finos Lifecycle) (wrong admins) (OpenSSF Status) (Branch Reviewers) (No CVE Scan) (No Sem Grep),finos-labs,training-course-developing-on-fdc3,NONE,Apache-2.0,0,0,NONE,false,-1,false,false,main,"@maoo, @TheJuanAndOnly99",,,1329,,Project,Active
1000,FAIL (Finos Lifecycle) (wrong admins) (OpenSSF Status) (Branch Reviewers) (No CVE Scan) (No Sem Grep),finos-labs,fdc3-security,NONE,Apache-2.0,0,7,NONE,false,-1,false,false,main,"@maoo, @TheJuanAndOnly99",,@maoo @TheJuanAndOnly99 @finos-admin,912,,Project,Active
1000,FAIL (Finos Lifecycle) (wrong admins) (OpenSSF Status) (Branch Reviewers) (No CVE Scan) (No Sem Grep),finos-labs,FDC3-App-Directory,NONE,Apache-2.0,0,4,NONE,false,-1,false,false,main,"@maoo, @TheJuanAndOnly99",,@robmoffat,2647,,Project,Active
1000,FAIL (Finos Lifecycle) (wrong admins) (OpenSSF Status) (Branch Reviewers) (No CVE Scan) (No Sem Grep),finos-labs,fdc3-java-api,NONE,Apache-2.0,0,0,NONE,false,-1,false,false,main,"@maoo, @TheJuanAndOnly99",,,4821,,Project,Active
1000,FAIL (Finos Lifecycle) (wrong admins) (OpenSSF Status) (Branch Reviewers) (No License Set) (No CVE Scan) (No Sem Grep),finos-labs,finos_fdc3_chat,NONE,,0,0,NONE,false,-1,false,false,main,"@maoo, @TheJuanAndOnly99",,,925,,Project,Active
20,FAIL (Finos Lifecycle) (wrong admins) (OpenSSF Status) (Branch Reviewers) (No CVE Scan) (No Sem Grep),finos-labs,emir-specific-rag,NONE,Apache-2.0,0,20,NONE,false,-1,false,false,main,"@maoo, @TheJuanAndOnly99",,@jaswanthDuddu @charlhhhh @YangletLiu @Chriun @finos-admin @RebeccaTsekanovskiy,3216,,Project,Active
10,FAIL (Finos Lifecycle) (wrong admins) (OpenSSF Status) (Branch Reviewers) (No CVE Scan) (No Sem Grep),finos-labs,Voxura,NONE,Apache-2.0,0,10,NONE,false,-1,false,false,main,"@maoo, @TheJuanAndOnly99",,@vbandi @finos-admin @TheJuanAndOnly99 @ChimaIbebunjoh,2824,,Project,Active
3,FAIL (Finos Lifecycle) (wrong admins) (OpenSSF Status) (Branch Reviewers) (No License Set) (No CVE Scan) (No Sem Grep),finos-labs,cdm-training-app,NO_README,,0,3,NO_README,false,-1,false,false,main,"@maoo, @TheJuanAndOnly99, @tomhealey-icma",,@tomhealey-icma,0,,Project,Active
0,,finos-labs,osmm,NONE,,0,1,NONE,true,-1,false,false,main,"@maoo, @TheJuanAndOnly99",,@finos-admin,4107,,Project,Active
0,,finos-labs,devops-mutualization-automated-change-deployment,NONE,Apache-2.0,0,0,NONE,false,PRIVATE,false,false,main,"@maoo, @TheJuanAndOnly99",,,116,,Project,Active
0,,finos-labs,order-to-chat-fdc3,INCUBATING,Apache-2.0,0,0,NONE,false,PRIVATE,false,false,master,"@maoo, @robmoffat, @TheJuanAndOnly99",,,2396,,Project,Active
0,,finos-labs,innersource-license-generator,NONE,Apache-2.0,0,0,NONE,false,1,false,false,main,"@maoo, @chamindra, @TheJuanAndOnly99",,,376,,Project,Active
0,,finos-labs,morphir-cadl,INCUBATING,Apache-2.0,0,0,NONE,false,PRIVATE,false,false,master,"@maoo, @TheJuanAndOnly99",,,2396,,Project,Active
0,,finos-labs,air-team-cesar,INCUBATING,Apache-2.0,0,0,NONE,false,PRIVATE,false,false,dev,"@maoo, @TheJuanAndOnly99",,,2179,,Project,Active
0,,finos-labs,gaad-hackathon-template,INCUBATING,Apache-2.0,0,0,NONE,false,0,false,false,main,"@maoo, @vinomaster, @TheJuanAndOnly99",,,2087,,Project,Active
0,,finos-labs,rosetta-code-generators,NONE,Apache-2.0,0,0,NONE,false,-1,false,false,master,"@maoo, @TheJuanAndOnly99",,,7689,,Project,Active
0,,finos-labs,weets-bill-pay-it-forward,INCUBATING,Apache-2.0,0,0,NONE,false,PRIVATE,false,false,master,"@maoo, @TheJuanAndOnly99",,,2396,,Project,Active
0,,finos-labs,jupyter_finos_widgets,NONE,Apache-2.0,0,0,NONE,false,-1,false,false,master,"@maoo, @TheJuanAndOnly99",,,1171,,Project,Active
0,,finos-labs,project-blueprint,NONE,Apache-2.0,0,0,NONE,false,-1,false,false,main,"@maoo, @TheJuanAndOnly99",,,1604,,Project,Active
0,,finos-labs,oasis,NONE,Apache-2.0,0,0,NONE,false,PRIVATE,false,false,main,"@maoo, @TheJuanAndOnly99",,,30,,Project,Active
0,,finos-labs,air-team-ivan,INCUBATING,Apache-2.0,0,0,NONE,false,PRIVATE,false,false,dev,"@maoo, @TheJuanAndOnly99",,,2396,,Project,Active
0,,finos-labs,cdm-playground,NONE,Apache-2.0,0,3,NONE,false,PRIVATE,false,false,main,"@maoo, @TheJuanAndOnly99",,@TheJuanAndOnly99 @finos-admin,1589,,Project,Active
0,,finos-labs,csam-crypto,INCUBATING,Apache-2.0,0,0,NONE,false,PRIVATE,false,false,main,"@maoo, @TheJuanAndOnly99",,,2396,,Project,Active
0,,finos-labs,nydfs-digital-regulatory-reporting,INCUBATING,Apache-2.0,0,0,NONE,false,PRIVATE,false,false,master,"@maoo, @TheJuanAndOnly99",,,2396,,Project,Active
0,,finos-labs,dlt-sandbox,NONE,Apache-2.0,0,3,NONE,false,PRIVATE,false,false,main,"@maoo, @TheJuanAndOnly99",,@finos-admin @TheJuanAndOnly99,2301,,Project,Active
0,,finos-labs,fdc3-desktop-agent-bridge-tests,NONE,Apache-2.0,0,2,NONE,false,PRIVATE,false,false,main,"@maoo, @mindthegab, @kriswest, @TheJuanAndOnly99, @toshaellison, @alstratigos, @john-ciq",,@finos-admin @TheJuanAndOnly99,1616,,Project,Active
0,,finos-labs,air-team-evelyn,INCUBATING,Apache-2.0,0,0,NONE,false,PRIVATE,false,false,dev,"@maoo, @TheJuanAndOnly99",,,2725,,Project,Active
